<?xml version='1.0' encoding='UTF-8'?>
<types:mule xmlns:types="http://www.mulesoft.org/schema/mule/types">
  <types:catalog>
    <types:type name="auto_3988d34f-863f-4b37-af8a-ea8b132a623b_Input-Variables-httpStatus" format="java">
      <types:shape format="raml" autogeneratedOrigin="0b023b22-09f9-4f80-b7ea-93b00aee4839"><![CDATA[#%RAML 1.0 DataType
type: string]]></types:shape>
    </types:type>
    <types:type name="auto_3988d34f-863f-4b37-af8a-ea8b132a623b_Output-Attributes" format="java">
      <types:shape format="weave" example="weave/autogenerated/3988d34f-863f-4b37-af8a-ea8b132a623b/Output-Attributes.wev" autogeneratedOrigin="0b023b22-09f9-4f80-b7ea-93b00aee4839"><![CDATA[%dw 2.0

type auto_3988d34f_863f_4b37_af8a_ea8b132a623b_Output_Attributes = {|
  statusCode: Number, 
  reasonPhrase: String, 
  headers: { _?: String }
|} {"typeAlias": "HttpResponseAttributes",
"typeId": "org.mule.extension.http.api.HttpResponseAttributes"}

]]></types:shape>
    </types:type>
    <types:type name="auto_3988d34f-863f-4b37-af8a-ea8b132a623b_Output-Payload" format="java">
      <types:shape format="weave" example="weave/autogenerated/3988d34f-863f-4b37-af8a-ea8b132a623b/Output-Payload.wev" autogeneratedOrigin="0b023b22-09f9-4f80-b7ea-93b00aee4839"><![CDATA[%dw 2.0

type auto_3988d34f_863f_4b37_af8a_ea8b132a623b_Output_Payload = Any

]]></types:shape>
    </types:type>
    <types:type name="auto_3988d34f-863f-4b37-af8a-ea8b132a623b_Output-Variables-outboundHeaders" format="java">
      <types:shape format="weave" example="weave/autogenerated/3988d34f-863f-4b37-af8a-ea8b132a623b/Output-Variables-outboundHeaders.wev" autogeneratedOrigin="0b023b22-09f9-4f80-b7ea-93b00aee4839"><![CDATA[%dw 2.0

type auto_3988d34f_863f_4b37_af8a_ea8b132a623b_Output_Variables_outboundHeaders = {|  |}

]]></types:shape>
    </types:type>
    <types:type name="auto_3988d34f-863f-4b37-af8a-ea8b132a623b_Input-Attributes" format="java">
      <types:shape format="weave" example="weave/autogenerated/3988d34f-863f-4b37-af8a-ea8b132a623b/Input-Attributes.wev" autogeneratedOrigin="0b023b22-09f9-4f80-b7ea-93b00aee4839"><![CDATA[%dw 2.0

type auto_3988d34f_863f_4b37_af8a_ea8b132a623b_Input_Attributes = {|
  clientCertificate?: {|
    publicKey?: {|  |}, 
    "type"?: String, 
    encoded?: Binary
  |}, 
  headers: {| "x-correlation-id": String |}, 
  listenerPath: String, 
  method: String, 
  queryParams: {| postcode: String |}, 
  queryString: String, 
  relativePath: String, 
  remoteAddress: String, 
  requestPath: String, 
  requestUri: String, 
  scheme: String, 
  uriParams: {|  |}, 
  version: String, 
  localAddress: String
|}

]]></types:shape>
    </types:type>
    <types:type name="auto_3988d34f-863f-4b37-af8a-ea8b132a623b_Input-Payload" format="java">
      <types:shape format="weave" example="weave/autogenerated/3988d34f-863f-4b37-af8a-ea8b132a623b/Input-Payload.wev" autogeneratedOrigin="0b023b22-09f9-4f80-b7ea-93b00aee4839"><![CDATA[%dw 2.0

type auto_3988d34f_863f_4b37_af8a_ea8b132a623b_Input_Payload = Any

]]></types:shape>
    </types:type>
    <types:type name="auto_3988d34f-863f-4b37-af8a-ea8b132a623b_Output-Variables-httpStatus" format="java">
      <types:shape format="raml" autogeneratedOrigin="0b023b22-09f9-4f80-b7ea-93b00aee4839"><![CDATA[#%RAML 1.0 DataType
type: string]]></types:shape>
    </types:type>
    <types:type name="auto_3988d34f-863f-4b37-af8a-ea8b132a623b_Input-Variables-outboundHeaders" format="java">
      <types:shape format="weave" example="weave/autogenerated/3988d34f-863f-4b37-af8a-ea8b132a623b/Input-Variables-outboundHeaders.wev" autogeneratedOrigin="0b023b22-09f9-4f80-b7ea-93b00aee4839"><![CDATA[%dw 2.0

type auto_3988d34f_863f_4b37_af8a_ea8b132a623b_Input_Variables_outboundHeaders = {|  |}

]]></types:shape>
    </types:type>
    <types:type name="auto_1e3a80ae-ee08-4895-85d7-6c98c6c9cc05_Input-Payload" format="java">
      <types:shape format="weave" example="weave/autogenerated/1e3a80ae-ee08-4895-85d7-6c98c6c9cc05/Input-Payload.wev" autogeneratedOrigin="b467f5b0-9fb3-4ccd-8d61-25c903977776"><![CDATA[%dw 2.0

type auto_1e3a80ae_ee08_4895_85d7_6c98c6c9cc05_Input_Payload = Any

]]></types:shape>
    </types:type>
    <types:type name="auto_1e3a80ae-ee08-4895-85d7-6c98c6c9cc05_Input-Attributes" format="java">
      <types:shape format="weave" example="weave/autogenerated/1e3a80ae-ee08-4895-85d7-6c98c6c9cc05/Input-Attributes.wev" autogeneratedOrigin="b467f5b0-9fb3-4ccd-8d61-25c903977776"><![CDATA[%dw 2.0

type auto_1e3a80ae_ee08_4895_85d7_6c98c6c9cc05_Input_Attributes = {|
  clientCertificate?: {|
    publicKey?: {|  |}, 
    "type"?: String, 
    encoded?: Binary
  |}, 
  headers: {| "x-correlation-id": String |}, 
  listenerPath: String, 
  method: String, 
  queryParams: {|  |}, 
  queryString: String, 
  relativePath: String, 
  remoteAddress: String, 
  requestPath: String, 
  requestUri: String, 
  scheme: String, 
  uriParams: {|  |}, 
  version: String, 
  localAddress: String
|}

]]></types:shape>
    </types:type>
    <types:type name="auto_1e3a80ae-ee08-4895-85d7-6c98c6c9cc05_Input-Variables-outboundHeaders" format="java">
      <types:shape format="weave" example="weave/autogenerated/1e3a80ae-ee08-4895-85d7-6c98c6c9cc05/Input-Variables-outboundHeaders.wev" autogeneratedOrigin="b467f5b0-9fb3-4ccd-8d61-25c903977776"><![CDATA[%dw 2.0

type auto_1e3a80ae_ee08_4895_85d7_6c98c6c9cc05_Input_Variables_outboundHeaders = {| "content-type": String |}

]]></types:shape>
    </types:type>
    <types:type name="auto_1e3a80ae-ee08-4895-85d7-6c98c6c9cc05_Input-Variables-httpStatus" format="java">
      <types:shape format="raml" autogeneratedOrigin="b467f5b0-9fb3-4ccd-8d61-25c903977776"><![CDATA[#%RAML 1.0 DataType
type: string]]></types:shape>
    </types:type>
    <types:type name="auto_1e3a80ae-ee08-4895-85d7-6c98c6c9cc05_Output-Payload" format="json">
      <types:shape format="weave" example="weave/autogenerated/1e3a80ae-ee08-4895-85d7-6c98c6c9cc05/Output-Payload.wev" autogeneratedOrigin="b467f5b0-9fb3-4ccd-8d61-25c903977776"><![CDATA[%dw 2.0

type auto_1e3a80ae_ee08_4895_85d7_6c98c6c9cc05_Output_Payload = {|
  productFeatures: String, 
  productModel: String, 
  productId: Number, 
  productName: String, 
  productPrice: Number
|} {"description": "Product message"}

]]></types:shape>
    </types:type>
    <types:type name="auto_1e3a80ae-ee08-4895-85d7-6c98c6c9cc05_Output-Attributes" format="java">
      <types:shape format="weave" example="weave/autogenerated/1e3a80ae-ee08-4895-85d7-6c98c6c9cc05/Output-Attributes.wev" autogeneratedOrigin="b467f5b0-9fb3-4ccd-8d61-25c903977776"><![CDATA[%dw 2.0

type auto_1e3a80ae_ee08_4895_85d7_6c98c6c9cc05_Output_Attributes = {|
  statusCode: Number, 
  reasonPhrase: String, 
  headers: { _?: String }
|} {"typeAlias": "HttpResponseAttributes",
"typeId": "org.mule.extension.http.api.HttpResponseAttributes"}

]]></types:shape>
    </types:type>
    <types:type name="auto_1e3a80ae-ee08-4895-85d7-6c98c6c9cc05_Output-Variables-outboundHeaders" format="java">
      <types:shape format="weave" example="weave/autogenerated/1e3a80ae-ee08-4895-85d7-6c98c6c9cc05/Output-Variables-outboundHeaders.wev" autogeneratedOrigin="b467f5b0-9fb3-4ccd-8d61-25c903977776"><![CDATA[%dw 2.0

type auto_1e3a80ae_ee08_4895_85d7_6c98c6c9cc05_Output_Variables_outboundHeaders = {| "content-type": String |}

]]></types:shape>
    </types:type>
    <types:type name="auto_1e3a80ae-ee08-4895-85d7-6c98c6c9cc05_Output-Variables-httpStatus" format="java">
      <types:shape format="raml" autogeneratedOrigin="b467f5b0-9fb3-4ccd-8d61-25c903977776"><![CDATA[#%RAML 1.0 DataType
type: string]]></types:shape>
    </types:type>
    <types:type name="auto_00b16d81-83ad-4e8a-9614-852dcc0a91e6_Input-Payload" format="json">
      <types:shape format="weave" example="weave/autogenerated/00b16d81-83ad-4e8a-9614-852dcc0a91e6/Input-Payload.wev" autogeneratedOrigin="3273fe10-b579-49a8-859d-74cd7145be78"><![CDATA[%dw 2.0

type auto_00b16d81_83ad_4e8a_9614_852dcc0a91e6_Input_Payload = {|
  productFeatures: String, 
  productModel: String, 
  productId: Number, 
  productName: String, 
  productPrice: Number
|} {"description": "Product message"}

]]></types:shape>
    </types:type>
    <types:type name="auto_00b16d81-83ad-4e8a-9614-852dcc0a91e6_Input-Attributes" format="java">
      <types:shape format="weave" example="weave/autogenerated/00b16d81-83ad-4e8a-9614-852dcc0a91e6/Input-Attributes.wev" autogeneratedOrigin="3273fe10-b579-49a8-859d-74cd7145be78"><![CDATA[%dw 2.0

type auto_00b16d81_83ad_4e8a_9614_852dcc0a91e6_Input_Attributes = {|
  clientCertificate?: {|
    publicKey?: {|  |}, 
    "type"?: String, 
    encoded?: Binary
  |}, 
  headers: {| "x-correlation-id": String |}, 
  listenerPath: String, 
  method: String, 
  queryParams: {|  |}, 
  queryString: String, 
  relativePath: String, 
  remoteAddress: String, 
  requestPath: String, 
  requestUri: String, 
  scheme: String, 
  uriParams: {| id: Number |}, 
  version: String, 
  localAddress: String
|}

]]></types:shape>
    </types:type>
    <types:type name="auto_00b16d81-83ad-4e8a-9614-852dcc0a91e6_Input-Variables-outboundHeaders" format="java">
      <types:shape format="weave" example="weave/autogenerated/00b16d81-83ad-4e8a-9614-852dcc0a91e6/Input-Variables-outboundHeaders.wev" autogeneratedOrigin="3273fe10-b579-49a8-859d-74cd7145be78"><![CDATA[%dw 2.0

type auto_00b16d81_83ad_4e8a_9614_852dcc0a91e6_Input_Variables_outboundHeaders = {| "content-type": String |}

]]></types:shape>
    </types:type>
    <types:type name="auto_00b16d81-83ad-4e8a-9614-852dcc0a91e6_Input-Variables-httpStatus" format="java">
      <types:shape format="raml" autogeneratedOrigin="3273fe10-b579-49a8-859d-74cd7145be78"><![CDATA[#%RAML 1.0 DataType
type: string]]></types:shape>
    </types:type>
    <types:type name="auto_00b16d81-83ad-4e8a-9614-852dcc0a91e6_Output-Payload" format="json">
      <types:shape format="weave" example="weave/autogenerated/00b16d81-83ad-4e8a-9614-852dcc0a91e6/Output-Payload.wev" autogeneratedOrigin="3273fe10-b579-49a8-859d-74cd7145be78"><![CDATA[%dw 2.0

type auto_00b16d81_83ad_4e8a_9614_852dcc0a91e6_Output_Payload = {|
  productId: Number, 
  status: String
|} {"description": "response data type"}

]]></types:shape>
    </types:type>
    <types:type name="auto_00b16d81-83ad-4e8a-9614-852dcc0a91e6_Output-Attributes" format="java">
      <types:shape format="weave" example="weave/autogenerated/00b16d81-83ad-4e8a-9614-852dcc0a91e6/Output-Attributes.wev" autogeneratedOrigin="3273fe10-b579-49a8-859d-74cd7145be78"><![CDATA[%dw 2.0

type auto_00b16d81_83ad_4e8a_9614_852dcc0a91e6_Output_Attributes = {|
  statusCode: Number, 
  reasonPhrase: String, 
  headers: { _?: String }
|} {"typeAlias": "HttpResponseAttributes",
"typeId": "org.mule.extension.http.api.HttpResponseAttributes"}

]]></types:shape>
    </types:type>
    <types:type name="auto_00b16d81-83ad-4e8a-9614-852dcc0a91e6_Output-Variables-outboundHeaders" format="java">
      <types:shape format="weave" example="weave/autogenerated/00b16d81-83ad-4e8a-9614-852dcc0a91e6/Output-Variables-outboundHeaders.wev" autogeneratedOrigin="3273fe10-b579-49a8-859d-74cd7145be78"><![CDATA[%dw 2.0

type auto_00b16d81_83ad_4e8a_9614_852dcc0a91e6_Output_Variables_outboundHeaders = {| "content-type": String |}

]]></types:shape>
    </types:type>
    <types:type name="auto_00b16d81-83ad-4e8a-9614-852dcc0a91e6_Output-Variables-httpStatus" format="java">
      <types:shape format="raml" autogeneratedOrigin="3273fe10-b579-49a8-859d-74cd7145be78"><![CDATA[#%RAML 1.0 DataType
type: string]]></types:shape>
    </types:type>
    <types:type name="auto_be40bb70-1dbd-4d4e-a251-50bce6788156_Input-Payload" format="java">
      <types:shape format="weave" example="weave/autogenerated/be40bb70-1dbd-4d4e-a251-50bce6788156/Input-Payload.wev" autogeneratedOrigin="603a9a28-fc52-4509-9894-d5447937a157"><![CDATA[%dw 2.0

type auto_be40bb70_1dbd_4d4e_a251_50bce6788156_Input_Payload = Any

]]></types:shape>
    </types:type>
    <types:type name="auto_be40bb70-1dbd-4d4e-a251-50bce6788156_Input-Attributes" format="java">
      <types:shape format="weave" example="weave/autogenerated/be40bb70-1dbd-4d4e-a251-50bce6788156/Input-Attributes.wev" autogeneratedOrigin="603a9a28-fc52-4509-9894-d5447937a157"><![CDATA[%dw 2.0

type auto_be40bb70_1dbd_4d4e_a251_50bce6788156_Input_Attributes = {|
  clientCertificate?: {|
    publicKey?: {|  |}, 
    "type"?: String, 
    encoded?: Binary
  |}, 
  headers: {| "x-correlation-id": String |}, 
  listenerPath: String, 
  method: String, 
  queryParams: {|  |}, 
  queryString: String, 
  relativePath: String, 
  remoteAddress: String, 
  requestPath: String, 
  requestUri: String, 
  scheme: String, 
  uriParams: {|
    id: Number, 
    orderid: Number
  |}, 
  version: String, 
  localAddress: String
|}

]]></types:shape>
    </types:type>
    <types:type name="auto_be40bb70-1dbd-4d4e-a251-50bce6788156_Input-Variables-outboundHeaders" format="java">
      <types:shape format="weave" example="weave/autogenerated/be40bb70-1dbd-4d4e-a251-50bce6788156/Input-Variables-outboundHeaders.wev" autogeneratedOrigin="603a9a28-fc52-4509-9894-d5447937a157"><![CDATA[%dw 2.0

type auto_be40bb70_1dbd_4d4e_a251_50bce6788156_Input_Variables_outboundHeaders = Any

]]></types:shape>
    </types:type>
    <types:type name="auto_be40bb70-1dbd-4d4e-a251-50bce6788156_Input-Variables-co_id" format="java">
      <types:shape format="weave" example="weave/autogenerated/be40bb70-1dbd-4d4e-a251-50bce6788156/id.wev" autogeneratedOrigin="603a9a28-fc52-4509-9894-d5447937a157"><![CDATA[%dw 2.0

type auto_be40bb70_1dbd_4d4e_a251_50bce6788156_Input_Variables_co_id = Any

]]></types:shape>
    </types:type>
    <types:type name="auto_be40bb70-1dbd-4d4e-a251-50bce6788156_Output-Payload" format="json">
      <types:shape format="weave" example="weave/autogenerated/be40bb70-1dbd-4d4e-a251-50bce6788156/Output-Payload.wev" autogeneratedOrigin="603a9a28-fc52-4509-9894-d5447937a157"><![CDATA[%dw 2.0

type auto_be40bb70_1dbd_4d4e_a251_50bce6788156_Output_Payload = {|
  productId: Number, 
  orderId: Number, 
  customerId: Number, 
  status: String
|} {"description": "orders detials"}

]]></types:shape>
    </types:type>
    <types:type name="auto_be40bb70-1dbd-4d4e-a251-50bce6788156_Output-Attributes" format="java">
      <types:shape format="weave" example="weave/autogenerated/be40bb70-1dbd-4d4e-a251-50bce6788156/Output-Attributes.wev" autogeneratedOrigin="603a9a28-fc52-4509-9894-d5447937a157"><![CDATA[%dw 2.0

type auto_be40bb70_1dbd_4d4e_a251_50bce6788156_Output_Attributes = Any

]]></types:shape>
    </types:type>
    <types:type name="auto_be40bb70-1dbd-4d4e-a251-50bce6788156_Output-Variables-outboundHeaders" format="java">
      <types:shape format="weave" example="weave/autogenerated/be40bb70-1dbd-4d4e-a251-50bce6788156/Output-Variables-outboundHeaders.wev" autogeneratedOrigin="603a9a28-fc52-4509-9894-d5447937a157"><![CDATA[%dw 2.0

type auto_be40bb70_1dbd_4d4e_a251_50bce6788156_Output_Variables_outboundHeaders = {| "content-type": String |}

]]></types:shape>
    </types:type>
    <types:type name="auto_be40bb70-1dbd-4d4e-a251-50bce6788156_Output-Variables-httpStatus" format="java">
      <types:shape format="raml" autogeneratedOrigin="603a9a28-fc52-4509-9894-d5447937a157"><![CDATA[#%RAML 1.0 DataType
type: string]]></types:shape>
    </types:type>
    <types:type name="auto_be40bb70-1dbd-4d4e-a251-50bce6788156_Output-Variables-co_id" format="java">
      <types:shape format="weave" example="weave/autogenerated/be40bb70-1dbd-4d4e-a251-50bce6788156/id.wev" autogeneratedOrigin="603a9a28-fc52-4509-9894-d5447937a157"><![CDATA[%dw 2.0

type auto_be40bb70_1dbd_4d4e_a251_50bce6788156_Output_Variables_co_id = Any

]]></types:shape>
    </types:type>
    <types:type name="auto_b8ea78c7-a09e-4cee-b1bc-c7901637e946_Output-Variables-httpStatus" format="java">
      <types:shape format="raml" autogeneratedOrigin="45c00f1c-46d8-4082-a46f-611e84c47565"><![CDATA[#%RAML 1.0 DataType
type: string]]></types:shape>
    </types:type>
    <types:type name="auto_0f12f4b0-b09a-47c8-ae13-22abf7162800_Output-Variables-httpStatus" format="java">
      <types:shape format="raml" autogeneratedOrigin="e2f42d2b-6c65-460c-acdb-8ed8a2199f12"><![CDATA[#%RAML 1.0 DataType
type: string]]></types:shape>
    </types:type>
  </types:catalog>
  <types:enrichment select="#3988d34f-863f-4b37-af8a-ea8b132a623b">
    <types:processor-declaration>
      <types:input-event>
        <types:message>
          <types:payload type="auto_3988d34f-863f-4b37-af8a-ea8b132a623b_Input-Payload"/>
          <types:attributes type="auto_3988d34f-863f-4b37-af8a-ea8b132a623b_Input-Attributes"/>
        </types:message>
        <types:variables>
          <types:variable name="outboundHeaders" type="auto_3988d34f-863f-4b37-af8a-ea8b132a623b_Input-Variables-outboundHeaders"/>
          <types:variable name="httpStatus" type="auto_3988d34f-863f-4b37-af8a-ea8b132a623b_Input-Variables-httpStatus"/>
        </types:variables>
      </types:input-event>
      <types:output-event>
        <types:message>
          <types:payload type="auto_3988d34f-863f-4b37-af8a-ea8b132a623b_Output-Payload"/>
          <types:attributes type="auto_3988d34f-863f-4b37-af8a-ea8b132a623b_Output-Attributes"/>
        </types:message>
        <types:variables>
          <types:variable name="outboundHeaders" type="auto_3988d34f-863f-4b37-af8a-ea8b132a623b_Output-Variables-outboundHeaders"/>
          <types:variable name="httpStatus" type="auto_3988d34f-863f-4b37-af8a-ea8b132a623b_Output-Variables-httpStatus"/>
        </types:variables>
      </types:output-event>
    </types:processor-declaration>
  </types:enrichment>
  <types:enrichment select="#1e3a80ae-ee08-4895-85d7-6c98c6c9cc05">
    <types:processor-declaration>
      <types:input-event>
        <types:message>
          <types:payload type="auto_1e3a80ae-ee08-4895-85d7-6c98c6c9cc05_Input-Payload"/>
          <types:attributes type="auto_1e3a80ae-ee08-4895-85d7-6c98c6c9cc05_Input-Attributes"/>
        </types:message>
        <types:variables>
          <types:variable name="outboundHeaders" type="auto_1e3a80ae-ee08-4895-85d7-6c98c6c9cc05_Input-Variables-outboundHeaders"/>
          <types:variable name="httpStatus" type="auto_1e3a80ae-ee08-4895-85d7-6c98c6c9cc05_Input-Variables-httpStatus"/>
        </types:variables>
      </types:input-event>
      <types:output-event>
        <types:message>
          <types:payload type="auto_1e3a80ae-ee08-4895-85d7-6c98c6c9cc05_Output-Payload"/>
          <types:attributes type="auto_1e3a80ae-ee08-4895-85d7-6c98c6c9cc05_Output-Attributes"/>
        </types:message>
        <types:variables>
          <types:variable name="outboundHeaders" type="auto_1e3a80ae-ee08-4895-85d7-6c98c6c9cc05_Output-Variables-outboundHeaders"/>
          <types:variable name="httpStatus" type="auto_1e3a80ae-ee08-4895-85d7-6c98c6c9cc05_Output-Variables-httpStatus"/>
        </types:variables>
      </types:output-event>
    </types:processor-declaration>
  </types:enrichment>
  <types:enrichment select="#00b16d81-83ad-4e8a-9614-852dcc0a91e6">
    <types:processor-declaration>
      <types:input-event>
        <types:message>
          <types:payload type="auto_00b16d81-83ad-4e8a-9614-852dcc0a91e6_Input-Payload"/>
          <types:attributes type="auto_00b16d81-83ad-4e8a-9614-852dcc0a91e6_Input-Attributes"/>
        </types:message>
        <types:variables>
          <types:variable name="outboundHeaders" type="auto_00b16d81-83ad-4e8a-9614-852dcc0a91e6_Input-Variables-outboundHeaders"/>
          <types:variable name="httpStatus" type="auto_00b16d81-83ad-4e8a-9614-852dcc0a91e6_Input-Variables-httpStatus"/>
        </types:variables>
      </types:input-event>
      <types:output-event>
        <types:message>
          <types:payload type="auto_00b16d81-83ad-4e8a-9614-852dcc0a91e6_Output-Payload"/>
          <types:attributes type="auto_00b16d81-83ad-4e8a-9614-852dcc0a91e6_Output-Attributes"/>
        </types:message>
        <types:variables>
          <types:variable name="outboundHeaders" type="auto_00b16d81-83ad-4e8a-9614-852dcc0a91e6_Output-Variables-outboundHeaders"/>
          <types:variable name="httpStatus" type="auto_00b16d81-83ad-4e8a-9614-852dcc0a91e6_Output-Variables-httpStatus"/>
        </types:variables>
      </types:output-event>
    </types:processor-declaration>
  </types:enrichment>
  <types:enrichment select="#be40bb70-1dbd-4d4e-a251-50bce6788156">
    <types:processor-declaration>
      <types:input-event>
        <types:message>
          <types:payload type="auto_be40bb70-1dbd-4d4e-a251-50bce6788156_Input-Payload"/>
          <types:attributes type="auto_be40bb70-1dbd-4d4e-a251-50bce6788156_Input-Attributes"/>
        </types:message>
        <types:variables>
          <types:variable name="outboundHeaders" type="auto_be40bb70-1dbd-4d4e-a251-50bce6788156_Input-Variables-outboundHeaders"/>
          <types:variable name="co_id" type="auto_be40bb70-1dbd-4d4e-a251-50bce6788156_Input-Variables-co_id"/>
        </types:variables>
      </types:input-event>
      <types:output-event>
        <types:message>
          <types:payload type="auto_be40bb70-1dbd-4d4e-a251-50bce6788156_Output-Payload"/>
          <types:attributes type="auto_be40bb70-1dbd-4d4e-a251-50bce6788156_Output-Attributes"/>
        </types:message>
        <types:variables>
          <types:variable name="outboundHeaders" type="auto_be40bb70-1dbd-4d4e-a251-50bce6788156_Output-Variables-outboundHeaders"/>
          <types:variable name="httpStatus" type="auto_be40bb70-1dbd-4d4e-a251-50bce6788156_Output-Variables-httpStatus"/>
          <types:variable name="co_id" type="auto_be40bb70-1dbd-4d4e-a251-50bce6788156_Output-Variables-co_id"/>
        </types:variables>
      </types:output-event>
    </types:processor-declaration>
  </types:enrichment>
  <types:enrichment select="#b8ea78c7-a09e-4cee-b1bc-c7901637e946">
    <types:processor-declaration>
      <types:output-event>
        <types:variables>
          <types:variable name="httpStatus" type="auto_b8ea78c7-a09e-4cee-b1bc-c7901637e946_Output-Variables-httpStatus"/>
        </types:variables>
      </types:output-event>
    </types:processor-declaration>
  </types:enrichment>
  <types:enrichment select="#0f12f4b0-b09a-47c8-ae13-22abf7162800">
    <types:processor-declaration>
      <types:output-event>
        <types:variables>
          <types:variable name="httpStatus" type="auto_0f12f4b0-b09a-47c8-ae13-22abf7162800_Output-Variables-httpStatus"/>
        </types:variables>
      </types:output-event>
    </types:processor-declaration>
  </types:enrichment>
</types:mule>