<?xml version="1.0" encoding="UTF-8"?>

<mule xmlns:http="http://www.mulesoft.org/schema/mule/http"
	xmlns="http://www.mulesoft.org/schema/mule/core" xmlns:doc="http://www.mulesoft.org/schema/mule/documentation"
	xmlns:xsi="http://www.w3.org/2001/XMLSchema-instance"
	xsi:schemaLocation="
http://www.mulesoft.org/schema/mule/http http://www.mulesoft.org/schema/mule/http/current/mule-http.xsd http://www.mulesoft.org/schema/mule/core http://www.mulesoft.org/schema/mule/core/current/mule.xsd">
	<flow name="impl-patchFlow" doc:id="00b16d81-83ad-4e8a-9614-852dcc0a91e6" >
	<logger level="INFO" doc:name="Flow Start Logger" doc:id="95bf8a80-5c5a-40e1-b196-4b653d9566b8" message="#[flow.name]flow started" />
		<http:request method="PATCH" doc:name="Request AWS PATCH -/ product /id" doc:id="62fe72f7-9ed2-4c73-822f-8b72be8ceb31" sendCorrelationId="ALWAYS" url="${req.aws}">
			<http:headers ><![CDATA[#[output application/java
---
{
	"x-correlation-id" : vars.co_id,
	"client_secret" : Mule::p('secure::header.client_secret'),
	"client_id" : Mule::p('secure::header.client_id')
}]]]></http:headers>
			<http:uri-params ><![CDATA[#[output application/java
---
{
	"id" : attributes.uriParams.id
}]]]></http:uri-params>
		</http:request>
		<logger level="INFO" doc:name="Flow End Logger" doc:id="2bd3474d-5791-46f8-93f5-bb103b8a7980" message="#[flow.name]flow ended" />
	</flow>
</mule>
