<?xml version="1.0" encoding="UTF-8"?>

<mule xmlns:http="http://www.mulesoft.org/schema/mule/http"
	xmlns="http://www.mulesoft.org/schema/mule/core" xmlns:doc="http://www.mulesoft.org/schema/mule/documentation"
	xmlns:xsi="http://www.w3.org/2001/XMLSchema-instance"
	xsi:schemaLocation="
http://www.mulesoft.org/schema/mule/http http://www.mulesoft.org/schema/mule/http/current/mule-http.xsd http://www.mulesoft.org/schema/mule/core http://www.mulesoft.org/schema/mule/core/current/mule.xsd">
	<flow name="impl-get-addresslookupFlow" doc:id="3988d34f-863f-4b37-af8a-ea8b132a623b">
	<logger level="INFO" doc:name="Flow started Logger" doc:id="59309973-a2ee-4655-a4b8-facf4e323879" message="#[flow.name]process started"/>
		<http:request method="GET" doc:name="Request -/lm-addresslookup-sapi" doc:id="43dd97c1-c18d-4e0c-a076-3e35936e9b89" url="${req.add}" sendCorrelationId="ALWAYS">
			<http:headers ><![CDATA[#[output application/java
---
{
	"x-correlation-id" : vars.co_id,
	"client_secret" : Mule::p('secure::header.client_secret'),
	"client_id" : Mule::p('secure::header.client_id')
}]]]></http:headers>
			<http:query-params ><![CDATA[#[output application/java
---
{
	"postcode" : attributes.queryParams.postcode
}]]]></http:query-params>
		</http:request>
		<logger level="INFO" doc:name="Flow End Logger" doc:id="b7a47238-0d92-4b0c-badd-2a86e7bc25fa" message="#[flow.name]process ended"/>
		<error-handler ref="lm-errorhandlingError_Handler" />
	
</flow>
	<flow name="impl-get-product" doc:id="1e3a80ae-ee08-4895-85d7-6c98c6c9cc05">
	    <logger level="INFO" doc:name="Flow Start Logger" doc:id="4a5256cf-c03a-46b3-8a30-26f99f3015c6" message="#[flow.name]flow started" />
		<http:request method="GET" doc:name="Request aws post :/product " doc:id="8a68b214-6f66-4aca-93bb-ab525472f4c5" sendCorrelationId="ALWAYS" url="${req.awsp}">
			<http:headers ><![CDATA[#[output application/java
---
{
	"x-correlation-id" : vars.co_id,
	"client_secret" : Mule::p('secure::header.client_secret'),
	"client_id" : Mule::p('secure::header.client_id')
}]]]></http:headers>
		</http:request>
		<logger level="INFO" doc:name="Flow End Logger" doc:id="8775d141-9adc-4441-8775-3c7178786222" message="#[flow.name]flow ended" />
	</flow>
</mule>
