<?xml version="1.0" encoding="UTF-8"?>

<mule xmlns:http="http://www.mulesoft.org/schema/mule/http"
	xmlns="http://www.mulesoft.org/schema/mule/core" xmlns:doc="http://www.mulesoft.org/schema/mule/documentation"
	xmlns:xsi="http://www.w3.org/2001/XMLSchema-instance"
	xsi:schemaLocation="
http://www.mulesoft.org/schema/mule/http http://www.mulesoft.org/schema/mule/http/current/mule-http.xsd http://www.mulesoft.org/schema/mule/core http://www.mulesoft.org/schema/mule/core/current/mule.xsd">
	<flow name="get:\customer\(id)\orders\(orderid):imple-getFlow" doc:id="be40bb70-1dbd-4d4e-a251-50bce6788156">
		<logger level="INFO" doc:name="Flow Start Logger" doc:id="ca48c1a7-e1f1-4a57-9efd-55bd12338b06" message="#[flow.name]flow started" />
		<http:request method="GET" doc:name="Request orderpapi get:-/customer/{id}/orders/{orderid}" doc:id="b3d19a1a-d348-450b-90e3-13d869b07374" url="${req.ord}" >
			<http:headers ><![CDATA[#[output application/java
---
{
	"x-correlation-id" : vars.co_id,
	"client_secret" : Mule::p('secure::header.client_secret'),
	"client_id" : Mule::p('secure::header.client_id')
}]]]></http:headers>
			<http:uri-params ><![CDATA[#[output application/java
---
{
	"orderid" : attributes.uriParams.orderid,
	"id" : attributes.uriParams.id
}]]]></http:uri-params>
		</http:request>
		<logger level="INFO" doc:name="Flow End Logger" doc:id="15b92df2-6ab1-401f-9b31-19e57f4cf99b" message="#[flow.name]flow ended" />
		<error-handler ref="lm-errorhandlingError_Handler" />
    </flow>
	</mule>
