<?xml version="1.0" encoding="UTF-8"?>
<mule xmlns:tls="http://www.mulesoft.org/schema/mule/tls" xmlns:api-gateway="http://www.mulesoft.org/schema/mule/api-gateway" xmlns="http://www.mulesoft.org/schema/mule/core" xmlns:apikit="http://www.mulesoft.org/schema/mule/mule-apikit" xmlns:doc="http://www.mulesoft.org/schema/mule/documentation" xmlns:ee="http://www.mulesoft.org/schema/mule/ee/core" xmlns:http="http://www.mulesoft.org/schema/mule/http" xmlns:xsi="http://www.w3.org/2001/XMLSchema-instance" xsi:schemaLocation="http://www.mulesoft.org/schema/mule/core http://www.mulesoft.org/schema/mule/core/current/mule.xsd http://www.mulesoft.org/schema/mule/http http://www.mulesoft.org/schema/mule/http/current/mule-http.xsd http://www.mulesoft.org/schema/mule/mule-apikit http://www.mulesoft.org/schema/mule/mule-apikit/current/mule-apikit.xsd http://www.mulesoft.org/schema/mule/ee/core http://www.mulesoft.org/schema/mule/ee/core/current/mule-ee.xsd 
http://www.mulesoft.org/schema/mule/api-gateway http://www.mulesoft.org/schema/mule/api-gateway/current/mule-api-gateway.xsd
http://www.mulesoft.org/schema/mule/tls http://www.mulesoft.org/schema/mule/tls/current/mule-tls.xsd">
    <http:listener-config name="lm-mobile-exapi-httpListenerConfig">
        <http:listener-connection host="${http.host}" port="${http.port}" readTimeout="${http.timeout}"/>
    </http:listener-config>
    <apikit:config name="lm-mobile-exapi-config" api="resource::509e318b-3e6f-408b-8cb6-ecd456e01908:lm-mobile-exapi:1.0.3:raml:zip:lm-mobile-exapi.raml" outboundHeadersMapName="outboundHeaders" httpStatusVarName="httpStatus" />
    <api-gateway:autodiscovery apiId="19286585" ignoreBasePath="true" doc:name="API Autodiscovery" doc:id="25b64371-2484-4a40-a34f-89c42f3a196f" flowRef="lm-mobile-exapi-main" />
	<flow name="lm-mobile-exapi-main" doc:id="08a92af0-e5da-443b-8bf0-2450bde4f6c9">
        <http:listener config-ref="lm-mobile-exapi-httpListenerConfig" path="${http.path}">
            <http:response statusCode="#[vars.httpStatus default 200]">
                <http:headers><![CDATA[#[vars.outboundHeaders default {}]]]></http:headers>
            </http:response>
            <http:error-response statusCode="#[vars.httpStatus default 500]">
                <http:body><![CDATA[#[payload]]]></http:body>
                <http:headers><![CDATA[#[vars.outboundHeaders default {}]]]></http:headers>
            </http:error-response>
        </http:listener>
        <set-variable value="#[correlationId]" doc:name="Set Variable for correlationId" doc:id="eb4013e2-f4c5-4eca-adbf-70e0f22c8b00" variableName="co_id"/>
		<apikit:router config-ref="lm-mobile-exapi-config" doc:id="254777ea-7b39-4861-89a8-4432269774f6"/>
        <error-handler ref="lm-errorhandlingError_Handler">
        </error-handler>
    </flow>
    <flow name="lm-mobile-exapi-console">
        <http:listener config-ref="lm-mobile-exapi-httpListenerConfig" path="/console/*">
            <http:response statusCode="#[vars.httpStatus default 200]">
                <http:headers>#[vars.outboundHeaders default {}]</http:headers>
            </http:response>
            <http:error-response statusCode="#[vars.httpStatus default 500]">
                <http:body>#[payload]</http:body>
                <http:headers>#[vars.outboundHeaders default {}]</http:headers>
            </http:error-response>
        </http:listener>
        <apikit:console config-ref="lm-mobile-exapi-config" />
        <error-handler ref="lm-errorhandlingError_Handler">
        </error-handler>
    </flow>
    <flow name="delete:\product\(id):lm-mobile-exapi-config">
    <logger level="INFO" doc:name="Flow Start Logger" doc:id="089fba0a-6917-4a76-addd-34554447c7b4" message="#[flow.name]flow started"/>
		<http:request method="DELETE" doc:name="Request AWS delete : -/product/id" doc:id="8483c361-b5a6-45c3-b87a-3e2e6377d9f4" sendCorrelationId="ALWAYS" url="${req.aws}">
			<http:headers ><![CDATA[#[output application/java
---
{
	"x-correlation-id" : vars.co_id,
	"client_secret" : Mule::p('secure::header.client_secret'),
	"client_id" : Mule::p('secure::header.client_id')
}]]]></http:headers>
			<http:uri-params ><![CDATA[#[output application/java
---
{
	"id" : attributes.uriParams.id
}]]]></http:uri-params>
		</http:request>
		<logger level="INFO" doc:name="Flow End Logger" doc:id="48f7f4ee-c83f-4268-a363-6bf70221e076" message="#[flow.name]flow ended" />
		<error-handler ref="lm-errorhandlingError_Handler"/>
   
    </flow>
    <!-- [STUDIO:"delete:\customer\(id):lm-mobile-exapi-config"]<flow name="delete:\customer\(id):lm-mobile-exapi-config">
        <ee:transform doc:name="Transform Message">
            <ee:variables>
                <ee:set-variable variableName="id">attributes.uriParams.'id'</ee:set-variable>
            </ee:variables>
        </ee:transform>
        <logger level="INFO" message="delete:\customer\(id):lm-mobile-exapi-config" />
		<error-handler ref="lm-errorhandlingError_Handler"/>
    </flow> [STUDIO] -->
    <flow name="delete:\customer\(id)\orders\(orderid):lm-mobile-exapi-config">
		<logger level="INFO" doc:name="Flow Start Logger" doc:id="4cf1e2bd-2ea0-48a6-9755-5150dfdb4a8f" message="#[flow.name]flow started" />
		<http:request method="DELETE" doc:name="Request orderpapi delete:-/customer/{id}/orders/{orderid}" doc:id="ca449e30-f62f-4471-a564-9ec480cb359c" url="${req.ord}">
			<http:headers ><![CDATA[#[output application/java
---
{
	"x-correlation-id" : vars.co_id,
	"client_secret" : Mule::p('secure::header.client_secret'),
	"client_id" : Mule::p('secure::header.client_id')
}]]]></http:headers>
			<http:uri-params ><![CDATA[#[output application/java
---
{
	"orderid" : attributes.uriParams.orderid,
	"id" : attributes.uriParams.id
}]]]></http:uri-params>
		</http:request>
		<logger level="INFO" doc:name="Flow End Logger" doc:id="1134d184-8a3c-4fe3-9148-1d14ffd74160" message="#[flow.name]flow ended" />
		<error-handler ref="lm-errorhandlingError_Handler"/>
    </flow>
    <!-- [STUDIO:"delete:\customer\(id)\payment\(paymentid):lm-mobile-exapi-config"]<flow name="delete:\customer\(id)\payment\(paymentid):lm-mobile-exapi-config">
        <ee:transform doc:name="Transform Message">
            <ee:variables>
                <ee:set-variable variableName="id">attributes.uriParams.'id'</ee:set-variable>
                <ee:set-variable variableName="paymentid">attributes.uriParams.'paymentid'</ee:set-variable>
            </ee:variables>
        </ee:transform>
        <logger level="INFO" message="delete:\customer\(id)\payment\(paymentid):lm-mobile-exapi-config" />
		<error-handler ref="lm-errorhandlingError_Handler"/>
    </flow> [STUDIO] -->
    <flow name="patch:\customer\(id)\orders:application\json:lm-mobile-exapi-config">
		<logger level="INFO" doc:name="Flow Start Logger" doc:id="a890434b-d12e-4b61-b06c-627380362d01" message="#[flow.name]flow started" />
		<http:request method="PATCH" doc:name="Request orderpapi patch:-/customer/{id}/orders/{orderid}" doc:id="7de77c85-edf8-4d5d-ab9e-e6159c8d80ba" url="${req.dhl}" sendCorrelationId="ALWAYS" >
			<http:headers ><![CDATA[#[output application/java
---
{
	"x-correlation-id" : vars.co_id,
	"client_secret" : Mule::p('secure::header.client_secret'),
	"client_id" : Mule::p('secure::header.client_id')
}]]]></http:headers>
			<http:uri-params ><![CDATA[#[output application/java
---
{
	"id" : attributes.uriParams.id
}]]]></http:uri-params>
		</http:request>
		<logger level="INFO" doc:name="Flow End Logger" doc:id="63408812-ccc5-463f-9655-0d8aa70ba0d0" message="#[flow.name]flow ended" />
		<error-handler ref="lm-errorhandlingError_Handler"/>
    </flow>
	<flow name="patch:\product\(id):application\json:lm-mobile-exapi-config" doc:id="b8ea78c7-a09e-4cee-b1bc-c7901637e946">

		<flow-ref doc:name="Flow Reference" doc:id="3273fe10-b579-49a8-859d-74cd7145be78" name="impl-patchFlow"/>
		<error-handler ref="lm-errorhandlingError_Handler"/>
    </flow>
    <!-- [STUDIO:"patch:\customer\(id):application\json:lm-mobile-exapi-config"]<flow name="patch:\customer\(id):application\json:lm-mobile-exapi-config">
        <ee:transform doc:name="Transform Message">
            <ee:variables>
                <ee:set-variable variableName="id">attributes.uriParams.'id'</ee:set-variable>
            </ee:variables>
        </ee:transform>
        <ee:transform doc:name="Transform Message">
            <ee:message>
                <ee:set-payload><![CDATA[%dw 2.0
output application/json
&#45;&#45;-
{
  customerId: 1000,
  status: "account created"
} as Object {encoding: "UTF-8", mediaType: "application/json"}&#93;&#93;></ee:set-payload>
            </ee:message>
        </ee:transform>
		<error-handler ref="lm-errorhandlingError_Handler"/>
    </flow> [STUDIO] -->
    <flow name="patch:\customer\(id)\orders\(orderid):application\json:lm-mobile-exapi-config">
		<logger level="INFO" doc:name="Flow Start Logger" doc:id="aeb8eaf3-d737-41b2-9c78-2bc2fce3afbc" message="#[flow.name]flow started" />
		<http:request method="PATCH" doc:name="Request orderpapi patch:-/customer/{id}/orders/{orderid}" doc:id="c8d20e83-ad68-45d3-9d88-1d2689440063" url="${req.ord}" >
			<http:headers ><![CDATA[#[output application/java
---
{
	"x-correlation-id" : vars.co_id,
	"client_secret" : Mule::p('secure::header.client_secret'),
	"client_id" : Mule::p('secure::header.client_id')
}]]]></http:headers>
			<http:uri-params ><![CDATA[#[output application/java
---
{
	"id" : attributes.uriParams.id,
	"orderid": attributes.uriParams.orderid}]]]></http:uri-params>
		</http:request>
		<logger level="INFO" doc:name="Flow End Logger" doc:id="4c9e2447-a68b-42ac-a065-eee487f06e21" message="#[flow.name]flow ended" />
		<error-handler ref="lm-errorhandlingError_Handler"/>
    </flow>
    <!-- [STUDIO:"patch:\customer\(id)\payment\(paymentid):application\json:lm-mobile-exapi-config"]<flow name="patch:\customer\(id)\payment\(paymentid):application\json:lm-mobile-exapi-config">
		<ee:transform doc:name="Transform Message" doc:id="ba562477-868e-40cc-be29-401c378b4da2" >
			<ee:variables >
				<ee:set-variable variableName="id" ><![CDATA[attributes.uriParams.'id'&#93;&#93;></ee:set-variable>
			</ee:variables>
		</ee:transform>
		<ee:transform doc:name="Transform Message1" doc:id="dcada101-83d0-406e-b569-c2a7a58704b2" >
			<ee:message >
				<ee:set-payload ><![CDATA[%dw 2.0
output application/json
&#45;&#45;-
{
  paymentId: 2000,
  status: "Payment confirm"
} as Object {encoding: "UTF-8", mediaType: "application/json"}&#93;&#93;></ee:set-payload>
			</ee:message>
		</ee:transform>
		<error-handler ref="lm-errorhandlingError_Handler"/>
    </flow> [STUDIO] -->
    <flow name="get:\customer\address:lm-mobile-exapi-config">
		<flow-ref doc:name="Flow Reference-/get-addresslookupFlow" doc:id="0b023b22-09f9-4f80-b7ea-93b00aee4839" name="impl-get-addresslookupFlow"/>
		<error-handler ref="lm-errorhandlingError_Handler"/>
    </flow>
    <flow name="get:\product:lm-mobile-exapi-config" doc:id="0f12f4b0-b09a-47c8-ae13-22abf7162800">

		<flow-ref doc:name="Flow Reference" doc:id="b467f5b0-9fb3-4ccd-8d61-25c903977776" name="impl-get-product"/>
		<error-handler ref="lm-errorhandlingError_Handler" />
    </flow>
    <!-- [STUDIO:"get:\customer\(id):lm-mobile-exapi-config"]<flow name="get:\customer\(id):lm-mobile-exapi-config">
        <ee:transform doc:name="Transform Message">
            <ee:variables>
                <ee:set-variable variableName="id">attributes.uriParams.'id'</ee:set-variable>
            </ee:variables>
        </ee:transform>
        <ee:transform doc:name="Transform Message">
            <ee:message>
                <ee:set-payload><![CDATA[%dw 2.0
output application/json
&#45;&#45;-
{
  firstName: "tae",
  lastName: "kim",
  address: {
    houseNo: 45,
    address1: "North Street",
    address2: "anna nagar",
    pinCode: 600002,
    town: "erode",
    city: "chennai",
    state: "TamilNadu",
    country: "India"
  },
  email: "xxxx@gmail",
  mobileNo: 1233445
} as Object {encoding: "UTF-8", mediaType: "application/json"}&#93;&#93;></ee:set-payload>
            </ee:message>
        </ee:transform>
		<error-handler ref="lm-errorhandlingError_Handler" />
    </flow> [STUDIO] -->
    <flow name="get:\product\(id):lm-mobile-exapi-config">
    <logger level="INFO" doc:name="Flow Start Logger" doc:id="0deb1980-ec91-4d03-881c-57bca1c74a9d" message="#[flow.name]flow started" />
		<http:request method="GET" doc:name="Request AWS  papi get :-/i/product/{id}" doc:id="ecd205ba-a4dc-47f6-b6b8-ba3276b426ed" sendCorrelationId="ALWAYS" url="${req.aws}">
			<http:headers ><![CDATA[#[output application/java
---
{
	"x-correlation-id" : vars.co_id,
	"client_secret" : Mule::p('secure::header.client_secret'),
	"client_id" : Mule::p('secure::header.client_id')
}]]]></http:headers>
			<http:uri-params ><![CDATA[#[output application/java
---
{
	"id" : attributes.uriParams.id
}]]]></http:uri-params>
		</http:request>
		<logger level="INFO" doc:name="Flow End Logger" doc:id="ce13cbd3-bc06-47d3-8f4b-04bb5d32c2b7" message="#[flow.name]flow ended" />
		<error-handler ref="lm-errorhandlingError_Handler" />
    </flow>
    <flow name="get:\customer\(id)\orders\(orderid):lm-mobile-exapi-config">
		
		<flow-ref doc:name="Flow Reference" doc:id="e06cb526-7875-4117-bbf8-25a2ee5e5eb8" name="get:\customer\(id)\orders\(orderid):imple-getFlow"/>
		<error-handler ref="lm-errorhandlingError_Handler" />
    </flow>
    <!-- [STUDIO:"get:\customer\(id)\payment\(paymentid):lm-mobile-exapi-config"]<flow name="get:\customer\(id)\payment\(paymentid):lm-mobile-exapi-config">
        <ee:transform doc:name="Transform Message">
            <ee:variables>
                <ee:set-variable variableName="id">attributes.uriParams.'id'</ee:set-variable>
                <ee:set-variable variableName="paymentid">attributes.uriParams.'paymentid'</ee:set-variable>
            </ee:variables>
        </ee:transform>
        <ee:transform doc:name="Transform Message">
            <ee:message>
                <ee:set-payload><![CDATA[%dw 2.0
output application/json
&#45;&#45;-
{
  customerId: 545,
  paymentId: 455,
  paymentDetails: {
    cardObject: {
      cardNumber: 1234567890123456,
      cardType: "visa",
      cvc: 456,
      nameOnCard: "Arunkumar S",
      expiryDate: "2023-09-09"
    }
  },
  addressDetail: {
    houseNo: 45,
    address1: "North Street",
    address2: "anna nagar",
    pinCode: 600002,
    town: "erode",
    city: "chennai",
    state: "TamilNadu",
    country: "India"
  }
} as Object {encoding: "UTF-8", mediaType: "application/json"}&#93;&#93;></ee:set-payload>
            </ee:message>
        </ee:transform>
		<error-handler ref="lm-errorhandlingError_Handler" />
    </flow> [STUDIO] -->
    <flow name="get:\customer\(id)\orders\(orderid)\tracking:lm-mobile-exapi-config">
		<logger level="INFO" doc:name="Flow Start Logger" doc:id="4c45b914-69a7-480f-808b-7dde1b57657d" message="#[flow.name]flow started" />
		<http:request method="GET" doc:name="Request orderpapi get:-/customer/{id}/orders/{orderid}" doc:id="de985e0b-0209-4d46-894b-b5be4e3e1948" url="${req.tra}" sendCorrelationId="ALWAYS">
			<http:headers ><![CDATA[#[output application/java
---
{
	"x-correlation-id" : vars.co_id,
	"client_secret" : Mule::p('secure::header.client_secret'),
	"client_id" : Mule::p('secure::header.client_id')
}]]]></http:headers>
			<http:uri-params ><![CDATA[#[output application/java
---
{
	"orderid" : attributes.uriParams.orderid,
	"id" : attributes.uriParams.id
}]]]></http:uri-params>
		</http:request>
		<logger level="INFO" doc:name="Flow End Logger" doc:id="187e6ac3-8e10-4b48-b675-0be8827f5d83" message="#[flow.name]flow ended" />
		<error-handler ref="lm-errorhandlingError_Handler" />
    </flow>
    <!-- [STUDIO:"post:\customer:application\json:lm-mobile-exapi-config"]<flow name="post:\customer:application\json:lm-mobile-exapi-config">
        <ee:transform doc:name="Transform Message">
            <ee:message>
                <ee:set-payload><![CDATA[%dw 2.0
output application/json
&#45;&#45;-
{
  customerId: 1000,
  status: "account created"
} as Object {encoding: "UTF-8", mediaType: "application/json"}&#93;&#93;></ee:set-payload>
            </ee:message>
        </ee:transform>
		<error-handler ref="lm-errorhandlingError_Handler" />
    </flow> [STUDIO] -->
    <flow name="post:\customer\(id)\orders:application\json:lm-mobile-exapi-config">
		<logger level="INFO" doc:name="Flow Start Logger" doc:id="c1f80f5c-c426-447e-a11a-810b6f8add76" message="#[flow.name]flow started" />
		<http:request method="POST" doc:name="Request orderpapi post:-/customer/{id}/orders" doc:id="53291e62-81fa-4d40-a008-90e1072a45a5" url="${req.ordp}">
			<http:headers ><![CDATA[#[output application/java
---
{
	"x-correlation-id" : vars.co_id,
	"client_secret" : Mule::p('secure::header.client_secret'),
	"client_id" : Mule::p('secure::header.client_id')
}]]]></http:headers>
			<http:uri-params ><![CDATA[#[output application/java
---
{
	"id" : attributes.uriParams.id
}]]]></http:uri-params>
		</http:request>
		<logger level="INFO" doc:name="Flow End Logger" doc:id="3de14ad9-cbd7-43bd-a276-77a5a5519fb0" message="#[flow.name]flow ended" />
		<error-handler ref="lm-errorhandlingError_Handler" />
    </flow>
    <!-- [STUDIO:"post:\customer\(id)\payment:application\json:lm-mobile-exapi-config"]<flow name="post:\customer\(id)\payment:application\json:lm-mobile-exapi-config">
        <ee:transform doc:name="Transform Message">
            <ee:variables>
                <ee:set-variable variableName="id">attributes.uriParams.'id'</ee:set-variable>
            </ee:variables>
        </ee:transform>
        <ee:transform doc:name="Transform Message">
            <ee:message>
                <ee:set-payload><![CDATA[%dw 2.0
output application/json
&#45;&#45;-
{
  paymentId: 2000,
  status: "Payment confirm"
} as Object {encoding: "UTF-8", mediaType: "application/json"}&#93;&#93;></ee:set-payload>
            </ee:message>
        </ee:transform>
		<error-handler ref="lm-errorhandlingError_Handler" />
    </flow> [STUDIO] -->
    <flow name="post:\product:application\json:lm-mobile-exapi-config" doc:id="a95c2cc6-1d57-45fc-a0fe-4c55ae6ec60f">
    <logger level="INFO" doc:name="Flow Start Logger" doc:id="fd39c7b5-884c-41ec-a7bd-4699b82667d9" message="#[flow.name]flow started" />
		<http:request method="POST" doc:name="Request AWS  papi post:-/api/product" doc:id="83854405-8cf7-45b8-a389-89c91d2eb368" sendCorrelationId="ALWAYS" url="${req.awsp}">
			<http:headers ><![CDATA[#[output application/java
---
{
	"x-correlation-id" : vars.co_id,
	"client_secret" : Mule::p('secure::header.client_secret'),
	"client_id" : Mule::p('secure::header.client_id')
}]]]></http:headers>
		</http:request>
		<logger level="INFO" doc:name="Flow End Logger" doc:id="fbf1b0d9-1fb7-40ab-99b9-f45935c6220d" message="#[flow.name]flow ended" />
		<error-handler ref="lm-errorhandlingError_Handler"/>
    </flow>
</mule>
